Workbook

Sheet teste-prompt-CB1
A2: Categoria | B2: Critério | C2: Sonnet 4.5 | F2: GPT-4o | I2: 2.5 Flash
C3: E1 | D3: E2 | E3: E3 | F3: E1 | G3: E2 | H3: E3 | I3: E1 | J3: E2 | K3: E3
A4: SQL Script | B4: Consulta SQL sintaticamente correta | C4: 2 | D4: 2 | E4: 2 | F4: 2 | G4: 2 | H4: 2 | I4: 2 | J4: 2 | K4: 2
A5: SQL Script | B5: Referência a tabelas e colunas existentes no dicionário de dados | C5: 2 | D5: 2 | E5: 2 | F5: 2 | G5: 2 | H5: 2 | I5: 2 | J5: 2 | K5: 2
A6: SQL Script | B6: Inclui joins ou filtros necessários | C6: 2 | D6: 2 | E6: 2 | F6: 2 | G6: 2 | H6: 2 | I6: 2 | J6: 2 | K6: 2
A7: SQL Script | B7: Recupera apenas os atributos relevantes para o caso de busca | C7: 2 | D7: 2 | E7: 2 | F7: 2 | G7: 2 | H7: 2 | I7: 1 | J7: 2 | K7: 2
A8: Mapping (Ontop) | B8: Mapeamento Ontop em formato Turtle válido | C8: 2 | D8: 2 | E8: 2 | F8: 2 | G8: 2 | H8: 2 | I8: 0 | J8: 2 | K8: 2
A9: Mapping (Ontop) | B9: Mapeamento de classes/propriedades da ontologia | C9: 2 | D9: 2 | E9: 2 | F9: 2 | G9: 2 | H9: 2 | I9: 2 | J9: 2 | K9: 2
A10: SPARQL Query | B10: Consulta SPARQL sintaticamente válida | C10: 2 | D10: 2 | E10: 2 | F10: 2 | G10: 2 | H10: 2 | I10: 2 | J10: 2 | K10: 2
A11: SPARQL Query | B11: Uso de classes e propriedades da ontologia | C11: 2 | D11: 2 | E11: 2 | F11: 2 | G11: 2 | H11: 2 | I11: 2 | J11: 2 | K11: 2
A12: SPARQL Query | B12: Variáveis/dados retornados correspondem ao esperado | C12: 1 | D12: 2 | E12: 2 | F12: 2 | G12: 2 | H12: 2 | I12: 1 | J12: 1 | K12: 2
A13: Coerência Geral | B13: SQL, Mapping e SPARQL alinhados entre si | C13: 2 | D13: 2 | E13: 2 | F13: 2 | G13: 2 | H13: 2 | I13: 2 | J13: 1 | K13: 2
A14: Coerência Geral | B14: Saída final organizada em três blocos rotulados | C14: 1 | D14: 1 | E14: 1 | F14: 2 | G14: 2 | H14: 2 | I14: 2 | J14: 2 | K14: 2
C15: =SUM(C4:C14)/22*100 -> 90.909091 | D15: =SUM(D4:D14)/22*100 -> 95.454545 | E15: =SUM(E4:E14)/22*100 -> 95.454545 | F15: =SUM(F4:F14)/22*100 -> 100 | G15: =SUM(G4:G14)/22*100 -> 100 | H15: =SUM(H4:H14)/22*100 -> 100 | I15: =SUM(I4:I14)/22*100 -> 81.818182 | J15: =SUM(J4:J14)/22*100 -> 90.909091 | K15: =SUM(K4:K14)/22*100 -> 100
A16: Não | B16: 0 | C16: =SUM(C4:E14)/66*100 -> 93.939394 | F16: =SUM(F4:H14)/66*100 -> 100 | I16: =SUM(I4:K14)/66*100 -> 90.909091 | L16: aproveitamento (%)
A17: Sim | B17: 2
A18: Parcialmente | B18: 1

Sheet teste-prompt-CB2
A2: Categoria | B2: Critério | C2: Sonnet 4.5 | F2: GPT-4o | I2: 2.5 Flash
C3: E1 | D3: E2 | E3: E3 | F3: E1 | G3: E2 | H3: E3 | I3: E1 | J3: E2 | K3: E3
A4: SQL Script | B4: Consulta SQL sintaticamente correta | C4: 2 | D4: 2 | E4: 2 | F4: 2 | G4: 2 | H4: 2 | I4: 2 | J4: 2 | K4: 2
A5: SQL Script | B5: Referência a tabelas e colunas existentes no dicionário de dados | C5: 2 | D5: 2 | E5: 2 | F5: 2 | G5: 2 | H5: 2 | I5: 2 | J5: 2 | K5: 2
A6: SQL Script | B6: Inclui joins ou filtros necessários | C6: 2 | D6: 2 | E6: 2 | F6: 2 | G6: 2 | H6: 2 | I6: 2 | J6: 1 | K6: 2
A7: SQL Script | B7: Recupera apenas os atributos relevantes para o caso de busca | C7: 2 | D7: 2 | E7: 2 | F7: 2 | G7: 1 | H7: 2 | I7: 2 | J7: 2 | K7: 2
A8: Mapping (Ontop) | B8: Mapeamento Ontop em formato Turtle válido | C8: 2 | D8: 2 | E8: 2 | F8: 2 | G8: 2 | H8: 2 | I8: 2 | J8: 2 | K8: 2
A9: Mapping (Ontop) | B9: Mapeamento de classes/propriedades da ontologia | C9: 2 | D9: 2 | E9: 2 | F9: 2 | G9: 1 | H9: 2 | I9: 2 | J9: 2 | K9: 1
A10: SPARQL Query | B10: Consulta SPARQL sintaticamente válida | C10: 2 | D10: 2 | E10: 2 | F10: 2 | G10: 2 | H10: 2 | I10: 2 | J10: 2 | K10: 2
A11: SPARQL Query | B11: Uso de classes e propriedades da ontologia | C11: 2 | D11: 2 | E11: 2 | F11: 2 | G11: 2 | H11: 2 | I11: 2 | J11: 2 | K11: 2
A12: SPARQL Query | B12: Variáveis/dados retornados correspondem ao esperado | C12: 2 | D12: 2 | E12: 2 | F12: 2 | G12: 2 | H12: 2 | I12: 2 | J12: 1 | K12: 2
A13: Coerência Geral | B13: SQL, Mapping e SPARQL alinhados entre si | C13: 2 | D13: 2 | E13: 2 | F13: 2 | G13: 2 | H13: 2 | I13: 2 | J13: 2 | K13: 2
A14: Coerência Geral | B14: Saída final organizada em três blocos rotulados | C14: 1 | D14: 1 | E14: 1 | F14: 2 | G14: 2 | H14: 2 | I14: 2 | J14: 2 | K14: 2
C15: =SUM(C4:C14)/22*100 -> 95.454545 | D15: =SUM(D4:D14)/22*100 -> 95.454545 | E15: =SUM(E4:E14)/22*100 -> 95.454545 | F15: =SUM(F4:F14)/22*100 -> 100 | G15: =SUM(G4:G14)/22*100 -> 90.909091 | H15: =SUM(H4:H14)/22*100 -> 100 | I15: =SUM(I4:I14)/22*100 -> 100 | J15: =SUM(J4:J14)/22*100 -> 90.909091 | K15: =SUM(K4:K14)/22*100 -> 95.454545
A16: Não | B16: 0 | C16: =SUM(C4:E14)/66*100 -> 95.454545 | F16: =SUM(F4:H14)/66*100 -> 96.969697 | I16: =SUM(I4:K14)/66*100 -> 95.454545 | L16: aproveitamento (%)
A17: Sim | B17: 2
A18: Parcialmente | B18: 1

Sheet teste-prompt-CB3
A2: Categoria | B2: Critério | C2: Sonnet 4.5 | F2: GPT-4o | I2: 2.5 Flash
C3: E1 | D3: E2 | E3: E3 | F3: E1 | G3: E2 | H3: E3 | I3: E1 | J3: E2 | K3: E3
A4: SQL Script | B4: Consulta SQL sintaticamente correta | C4: 2 | D4: 2 | E4: 2 | F4: 2 | G4: 2 | H4: 2 | I4: 2 | J4: 2 | K4: 2
A5: SQL Script | B5: Referência a tabelas e colunas existentes no dicionário de dados | C5: 2 | D5: 2 | E5: 2 | F5: 2 | G5: 2 | H5: 2 | I5: 2 | J5: 2 | K5: 2
A6: SQL Script | B6: Inclui joins ou filtros necessários | C6: 2 | D6: 2 | E6: 2 | F6: 2 | G6: 2 | H6: 2 | I6: 2 | J6: 2 | K6: 2
A7: SQL Script | B7: Recupera apenas os atributos relevantes para o caso de busca | C7: 2 | D7: 2 | E7: 2 | F7: 2 | G7: 2 | H7: 2 | I7: 2 | J7: 2 | K7: 2
A8: Mapping (Ontop) | B8: Mapeamento Ontop em formato Turtle válido | C8: 2 | D8: 2 | E8: 2 | F8: 2 | G8: 2 | H8: 2 | I8: 2 | J8: 0 | K8: 0
A9: Mapping (Ontop) | B9: Mapeamento de classes/propriedades da ontologia | C9: 2 | D9: 2 | E9: 2 | F9: 2 | G9: 2 | H9: 2 | I9: 2 | J9: 2 | K9: 1
A10: SPARQL Query | B10: Consulta SPARQL sintaticamente válida | C10: 2 | D10: 2 | E10: 2 | F10: 2 | G10: 2 | H10: 2 | I10: 2 | J10: 2 | K10: 2
A11: SPARQL Query | B11: Uso de classes e propriedades da ontologia | C11: 2 | D11: 2 | E11: 2 | F11: 2 | G11: 2 | H11: 2 | I11: 2 | J11: 2 | K11: 1
A12: SPARQL Query | B12: Variáveis retornadas correspondem aos dados esperados | C12: 2 | D12: 2 | E12: 2 | F12: 2 | G12: 2 | H12: 2 | I12: 2 | J12: 1 | K12: 1
A13: Coerência Geral | B13: SQL, Mapping e SPARQL alinhados entre si | C13: 2 | D13: 2 | E13: 2 | F13: 2 | G13: 2 | H13: 2 | I13: 2 | J13: 2 | K13: 2
A14: Coerência Geral | B14: Saída final organizada em três blocos rotulados | C14: 1 | D14: 1 | E14: 1 | F14: 2 | G14: 2 | H14: 2 | I14: 2 | J14: 2 | K14: 2
C15: =SUM(C4:C14)/22*100 -> 95.454545 | D15: =SUM(D4:D14)/22*100 -> 95.454545 | E15: =SUM(E4:E14)/22*100 -> 95.454545 | F15: =SUM(F4:F14)/22*100 -> 100 | G15: =SUM(G4:G14)/22*100 -> 100 | H15: =SUM(H4:H14)/22*100 -> 100 | I15: =SUM(I4:I14)/22*100 -> 100 | J15: =SUM(J4:J14)/22*100 -> 86.363636 | K15: =SUM(K4:K14)/22*100 -> 77.272727
A16: Não | B16: 0 | C16: =SUM(C4:E14)/66*100 -> 95.454545 | F16: =SUM(F4:H14)/66*100 -> 100 | I16: =SUM(I4:K14)/66*100 -> 87.878788 | L16: aproveitamento (%)
A17: Sim | B17: 2
A18: Parcialmente | B18: 1

Sheet gráfico
B1: CB1-E1 | C1: CB1-E2 | D1: CB1-E3 | E1: CB2-E1 | F1: CB2-E2 | G1: CB2-E3 | H1: CB3-E1 | I1: CB3-E2 | J1: CB3-E3
A2: Claude Sonnet 4.5 | B2: 90.91 | C2: 95.45 | D2: 95.45 | E2: 95.45 | F2: 95.45 | G2: 95.45 | H2: 95.45 | I2: 95.45 | J2: 95.45
A3: GPT-4o | B3: 100 | C3: 100 | D3: 100 | E3: 100 | F3: 90.91 | G3: 100 | H3: 100 | I3: 100 | J3: 100
A4: Gemini 2.5 Flash | B4: 81.82 | C4: 90.91 | D4: 100 | E4: 100 | F4: 90.91 | G4: 95.45 | H4: 100 | I4: 86.36 | J4: 77.27

Sheet tabela
B1: CB1 | C1: CB2 | D1: CB3 | E1: Média Geral
A2: Claude Sonnet 4.5 | B2: ='teste-prompt-CB1'!C16 -> 93.939394 | C2: ='teste-prompt-CB2'!C16 -> 95.454545 | D2: ='teste-prompt-CB3'!C16 -> 95.454545 | E2: =AVERAGE(B2:D2) -> 94.949495
A3: GPT-4o | B3: ='teste-prompt-CB1'!F16 -> 100 | C3: ='teste-prompt-CB2'!F16 -> 96.969697 | D3: ='teste-prompt-CB3'!F16 -> 100 | E3: =AVERAGE(B3:D3) -> 98.989899
A4: Gemini 2.5 Flash | B4: ='teste-prompt-CB1'!I16 -> 90.909091 | C4: ='teste-prompt-CB2'!I16 -> 95.454545 | D4: ='teste-prompt-CB3'!I16 -> 87.878788 | E4: =AVERAGE(B4:D4) -> 91.414141
